date	id	move	done
sheet		warmup	
sheet	s1	bws mobilisation	10-15
sheet	s2	bws rotation	15 / side
sheet	s3	serratusstütz	?
sheet	s4	miniband raise	?
sheet	s5	rudern einarmig	? · 1 kg
sheet	s6	außenrotation	3x10 · 2 kg
sheet	s7	face pulls	3x10 · 30 kg
sheet	s8	armabduktion hold	6x30 s · 1 kg
sheet	s9	armabduktion	3x10 · 1 kg
sheet	k1	quad roll	1 min / leg
sheet	k2	copenhagen	3x10
sheet	k3	brücke	3x10
2026-10-05		warmup	✓
2026-10-05	s1	bws mobilisation	5 / leg
2026-10-05	s2	bws rotation	5 / side
2026-10-05	s3	serratusstütz	10
2026-10-05	s4	miniband raise	10
2026-10-05	s5	rudern einarmig	10 / side · 3 kg
2026-10-05	s6	außenrotation	10 / side · 3 kg
2026-10-05	s7	face pulls	10 · 30 kg
2026-10-05	s9	armabduktion	10 · 3 kg
2026-10-05	k1	quad roll	1 min / leg
2026-10-05	k2	copenhagen	10 / side · knee
2026-10-05	k3	brücke	10
